{"cameraMode":{"drawMode":0,"name":"Shaded","section":"Shading Mode"},"sceneLighting":false,"audioPlay":false,"sceneViewState":{"m_AlwaysRefresh":false,"showFog":true,"showSkybox":false,"showFlares":true,"showImageEffects":true,"showParticleSystems":true,"showVisualEffectGraphs":true,"m_FxEnabled":true},"in2DMode":false,"pivot":{"x":-1.1920928955078126e-7,"y":0.7889114618301392,"z":0.025130867958068849},"rotation":{"x":0.010394949465990067,"y":0.9870734214782715,"z":-0.07179582118988037,"w":0.1428365260362625},"size":1.5333256721496583,"orthographic":false}